geo,desalinated_water_produced_billion_cu_meters,time
bhs,0.001279,1992
bhs,0.0074,2002
bhr,0.0441,1992
bhr,0.0441,2002
bhr,0.1024,2007
brb,0.0146,2007
bmu,0.003724,1992
